Seq Name,Start,End,Primary Motif,STR Gain Score,Second Motif,STR Gain Score,Third Motif,STR Gain Score
 NC_024512.1 Drosophila melanogaster chromosome Y,22648,23056,AATAT,0.9635922330097086
 NC_024512.1 Drosophila melanogaster chromosome Y,37087,37377,TTATTT,0.8124567474048443,TAT,0.7519226950824013
 NC_024512.1 Drosophila melanogaster chromosome Y,44680,45024,TATATT,0.694352159468439,AT,0.29804633239234674,TATATTT,0.11894590495449943
 NC_024512.1 Drosophila melanogaster chromosome Y,63740,63898,TAT,0.8860759493670886,TTATTT,0.23997147441611688
 NC_024512.1 Drosophila melanogaster chromosome Y,64162,64351,TTA,0.7801047120418849
 NC_024512.1 Drosophila melanogaster chromosome Y,72436,72510,TTTCTTTT,0.6913435174304736,TTCTTTTC,0.6857409133271202,CTTTTCT,0.6319723979298446
 NC_024512.1 Drosophila melanogaster chromosome Y,76694,76768,TTTCTTTT,0.6913435174304736,TTCTTTTC,0.6857409133271202,CTTTTCT,0.6319723979298446
 NC_024512.1 Drosophila melanogaster chromosome Y,80937,81004,TTCTTTTC,0.8618630983015955,TCTT,0.5759725960362122,CTTCTTT,0.25908916953693084
 NC_024512.1 Drosophila melanogaster chromosome Y,96613,96654,TTGTTTT,0.90416068866571,T,0.8988697204045213,TTTTTGTT,0.8978177150192554
 NC_024512.1 Drosophila melanogaster chromosome Y,115964,116028,ATATTTTT,0.76
 NC_024512.1 Drosophila melanogaster chromosome Y,121553,121598,TTATTATA,0.9166666666666667
 NC_024512.1 Drosophila melanogaster chromosome Y,122105,122169,ATATTTTT,0.76
 NC_024512.1 Drosophila melanogaster chromosome Y,124210,124742,AGAGA,0.9061361082309405,GA,0.8264711179145467
 NC_024512.1 Drosophila melanogaster chromosome Y,132446,132628,GAAGAGA,0.9895384615384616,AG,0.8661201498730103
 NC_024512.1 Drosophila melanogaster chromosome Y,133256,133331,AAACACAC,0.8424242424242425,ACACAAAA,0.5423209876543209
 NC_024512.1 Drosophila melanogaster chromosome Y,158450,158612,TAATA,0.8348082595870205
 NC_024512.1 Drosophila melanogaster chromosome Y,200695,200877,AAGAGAA,0.859410430839002,AGAGA,0.8121233605104576
 NC_024512.1 Drosophila melanogaster chromosome Y,203438,203742,AAGAG,1.0
 NC_024512.1 Drosophila melanogaster chromosome Y,223387,223414,A,0.9642857142857144
 NC_024512.1 Drosophila melanogaster chromosome Y,253619,253666,AAATAA,0.8269230769230766
 NC_024512.1 Drosophila melanogaster chromosome Y,258256,258302,TTATTT,0.8235294117647058
 NC_024512.1 Drosophila melanogaster chromosome Y,273696,273742,TTATTT,0.8235294117647058
 NC_024512.1 Drosophila melanogaster chromosome Y,283766,283808,TATTTATA,0.8333333333333333
 NC_024512.1 Drosophila melanogaster chromosome Y,322496,322994,AATAGAC,0.8821428571428569
 NC_024512.1 Drosophila melanogaster chromosome Y,324321,324354,ATATAAA,1.0049140049140048,AAATAT,0.8200757575757578
 NC_024512.1 Drosophila melanogaster chromosome Y,334968,335022,TTATTTCT,0.8269230769230769
 NC_024512.1 Drosophila melanogaster chromosome Y,336063,336142,AATATAAT,0.8545066341314622,ATAAT,0.7557213513286946,ATAATAAA,0.7382891235991289
 NC_024512.1 Drosophila melanogaster chromosome Y,347297,347376,AATATAAT,0.8545066341314622,ATAAT,0.7557213513286946,ATAATAAA,0.7382891235991289
 NC_024512.1 Drosophila melanogaster chromosome Y,349631,350133,TA,0.8882303132938187
 NC_024512.1 Drosophila melanogaster chromosome Y,352784,353690,TATATAT,0.8727064220183489
 NC_024512.1 Drosophila melanogaster chromosome Y,356115,356160,AATAAAA,0.8871794871794877,AATAAA,0.8722807017543861,AATAAAAA,0.8444444444444444
 NC_024512.1 Drosophila melanogaster chromosome Y,425699,425730,T,0.9375
 NC_024512.1 Drosophila melanogaster chromosome Y,485477,485555,TATTAATT,0.8054626532887403,ATT,0.7090301003344484
 NC_024512.1 Drosophila melanogaster chromosome Y,492666,492725,ATTATTAT,0.8432203389830506,ATTAT,0.48279912737036423
 NC_024512.1 Drosophila melanogaster chromosome Y,501102,501164,TAATTAT,0.8394160583941603
 NC_024512.1 Drosophila melanogaster chromosome Y,505024,505129,ATACAT,0.826086956521739
 NC_024512.1 Drosophila melanogaster chromosome Y,521820,521874,AT,0.8
 NC_024512.1 Drosophila melanogaster chromosome Y,555860,555889,ACATTTAC,0.9666666666666668
 NC_024512.1 Drosophila melanogaster chromosome Y,557969,558064,TATTATA,0.9789473684210527,TA,0.5170278637770899
 NC_024512.1 Drosophila melanogaster chromosome Y,561422,561910,ATTATAT,0.9979696194916529,AT,0.8829437998100504
 NC_024512.1 Drosophila melanogaster chromosome Y,581926,581974,CCAATTGG,0.8510638297872342
 NC_024512.1 Drosophila melanogaster chromosome Y,612655,612706,ATATATTT,0.8674136321195145,TATATAT,0.8300653594771238,AT,0.6967579110852259
 NC_024512.1 Drosophila melanogaster chromosome Y,633555,633598,TATTAA,0.9770114942528736
 NC_024512.1 Drosophila melanogaster chromosome Y,652931,653252,CTTGT,1.0
 NC_024512.1 Drosophila melanogaster chromosome Y,666231,666264,ATATAA,0.8554216867469879
 NC_024512.1 Drosophila melanogaster chromosome Y,678238,678365,TATTATTA,0.7890775701230116,TATTA,0.6740731295227775
 NC_024512.1 Drosophila melanogaster chromosome Y,743163,743208,AAAAAAG,0.8825082508250827,AATAAAA,0.8709677419354838,AATAAAAA,0.8651685393258421
 NC_024512.1 Drosophila melanogaster chromosome Y,743820,743849,TAA,0.9333333333333333
 NC_024512.1 Drosophila melanogaster chromosome Y,753315,753487,ATAAAA,0.711515492166093,ATAAAAAA,0.7018297367134573,AATAAAA,0.5301286661871655
 NC_024512.1 Drosophila melanogaster chromosome Y,765433,765474,ATAAAA,0.9006758742286217,A,0.7534607778510216
 NC_024512.1 Drosophila melanogaster chromosome Y,783235,783295,AATATAT,0.5643274853801171,AT,0.41428571428571387,TAATATAA,0.3151515151515151
 NC_024512.1 Drosophila melanogaster chromosome Y,789470,789648,ATAAAA,0.715661545517083,ATAAAAAA,0.7095297544735745,AATAAAA,0.5467918391484325
 NC_024512.1 Drosophila melanogaster chromosome Y,797805,797843,ATTATTTT,0.9047619047619049
 NC_024512.1 Drosophila melanogaster chromosome Y,805693,805769,GTTTTTA,0.7454545454545454
 NC_024512.1 Drosophila melanogaster chromosome Y,808843,808894,ATATATTT,0.8674136321195145,TATATAT,0.8300653594771238,AT,0.6967579110852259
 NC_024512.1 Drosophila melanogaster chromosome Y,816280,816406,ATGTAT,0.8362989323843417
 NC_024512.1 Drosophila melanogaster chromosome Y,820620,820672,ATTTATAT,0.8846153846153844,TTATTATA,0.8691588785046729,TATTTA,0.8333333333333335
 NC_024512.1 Drosophila melanogaster chromosome Y,829515,829574,TATAT,0.8425196850393699
 NC_024512.1 Drosophila melanogaster chromosome Y,833265,833350,TATATATT,0.8470588235294118,TATATT,0.6718412808910547,AT,0.5529411764705879
 NC_024512.1 Drosophila melanogaster chromosome Y,840608,840647,ATT,0.8717948717948718
 NC_024512.1 Drosophila melanogaster chromosome Y,860176,860547,AAGAGA,0.9919354838709677
 NC_024512.1 Drosophila melanogaster chromosome Y,887332,887365,GTT,0.9411764705882353
 NC_024512.1 Drosophila melanogaster chromosome Y,1056265,1056300,TTATTT,0.9516483516483513,TTTTATTA,0.9412474849094565,TTATTTTT,0.9412474849094565
 NC_024512.1 Drosophila melanogaster chromosome Y,1059499,1059535,ACTT,0.9210526315789473
 NC_024512.1 Drosophila melanogaster chromosome Y,1076581,1076674,AAATAA,0.801341424465027,AATAAAAA,0.6698292220113851,AATAAAA,0.18750000000000017
 NC_024512.1 Drosophila melanogaster chromosome Y,1089324,1089358,ATGTAT,0.9178082191780821
 NC_024512.1 Drosophila melanogaster chromosome Y,1093771,1093797,T,1.0
 NC_024512.1 Drosophila melanogaster chromosome Y,1096607,1096691,ATGTAT,0.8453608247422684
 NC_024512.1 Drosophila melanogaster chromosome Y,1114696,1114742,ATAACA,0.8039215686274512
 NC_024512.1 Drosophila melanogaster chromosome Y,1155840,1155881,AATAGTG,0.8585858585858588
 NC_024512.1 Drosophila melanogaster chromosome Y,1160432,1160548,TAATTTA,0.7276264591439687
 NC_024512.1 Drosophila melanogaster chromosome Y,1194165,1194206,AATAGTG,0.8585858585858588
 NC_024512.1 Drosophila melanogaster chromosome Y,1320294,1320327,TATAATTA,0.9117647058823528
 NC_024512.1 Drosophila melanogaster chromosome Y,1336032,1336074,ATTTTT,0.8518518518518517,TTTTAATT,0.7866127583108719,T,0.664021164021164
 NC_024512.1 Drosophila melanogaster chromosome Y,1354141,1354259,ATACAT,0.8641509433962264
 NC_024512.1 Drosophila melanogaster chromosome Y,1412854,1412972,ATACAT,0.8641509433962264
 NC_024512.1 Drosophila melanogaster chromosome Y,1417049,1418138,CTTAT,0.9232902033271719
 NC_024512.1 Drosophila melanogaster chromosome Y,1421643,1421680,TTAA,0.8750000000000002
 NC_024512.1 Drosophila melanogaster chromosome Y,1427905,1427936,TTATTTT,0.8947368421052633
 NC_024512.1 Drosophila melanogaster chromosome Y,1428853,1428930,TTTATTAT,0.836038961038961,TTATATTT,0.46540027137042084
 NC_024512.1 Drosophila melanogaster chromosome Y,1430452,1430491,TTGATTAA,0.9001349527665318,TTGA,0.6187290969899664
 NC_024512.1 Drosophila melanogaster chromosome Y,1439642,1439682,ATAAAA,0.921875,A,0.5726562500000002
 NC_024512.1 Drosophila melanogaster chromosome Y,1439738,1439782,TTATATTT,0.8181818181818181
 NC_024512.1 Drosophila melanogaster chromosome Y,1441449,1441497,TTGATTAA,0.8560606060606064,TTGA,0.31521739130434767
 NC_024512.1 Drosophila melanogaster chromosome Y,1443714,1443858,TATTATTA,0.6879844961240311,ATTATTTA,0.567901234567901,TTATATTT,0.49846894138232734
 NC_024512.1 Drosophila melanogaster chromosome Y,1457027,1457079,AAGAG,0.9816513761467889
 NC_024512.1 Drosophila melanogaster chromosome Y,1459363,1459410,TAA,0.879148936170213,ATAATAG,0.538563829787234
 NC_024512.1 Drosophila melanogaster chromosome Y,1476063,1476099,TAA,0.8795180722891565
 NC_024512.1 Drosophila melanogaster chromosome Y,1476259,1476336,ATA,0.8916553060199467,AATAAA,0.6584609420430317,AATAA,0.5177865612648223
 NC_024512.1 Drosophila melanogaster chromosome Y,1477161,1477219,TTGTTTTT,0.7627118644067796
 NC_024512.1 Drosophila melanogaster chromosome Y,1488379,1488411,A,0.9393939393939394
 NC_024512.1 Drosophila melanogaster chromosome Y,1499074,1499106,A,0.9393939393939394
 NC_024512.1 Drosophila melanogaster chromosome Y,1515418,1515494,AATTTTT,0.8064516129032256,AAATTTTT,0.7999117906498086
 NC_024512.1 Drosophila melanogaster chromosome Y,1540268,1540312,TTATTAT,0.8095238095238093
 NC_024512.1 Drosophila melanogaster chromosome Y,1642135,1642579,TTCTC,0.9977528089887642
 NC_024512.1 Drosophila melanogaster chromosome Y,1764734,1764793,AAAAAATC,0.8450363196125906,TAAAAAT,0.6724825523429713,ATAAAA,0.670532262860541
 NC_024512.1 Drosophila melanogaster chromosome Y,1798961,1798996,AAACAAAA,0.9122736418511067,CAAAA,0.8823529411764705
 NC_024512.1 Drosophila melanogaster chromosome Y,1826071,1826147,TTAAAAA,0.8064516129032256,TTAAAAAT,0.7999117906498086
 NC_024512.1 Drosophila melanogaster chromosome Y,1842458,1842490,T,0.9393939393939394
 NC_024512.1 Drosophila melanogaster chromosome Y,1853153,1853185,T,0.9393939393939394
 NC_024512.1 Drosophila melanogaster chromosome Y,1864349,1864404,AAGACAAA,0.8153846153846154
 NC_024512.1 Drosophila melanogaster chromosome Y,1865229,1865306,TAT,0.8916553060199467,TATTT,0.5177865612648223,TTATTT,0.5039175700332724
 NC_024512.1 Drosophila melanogaster chromosome Y,1865466,1865502,TAT,0.8795180722891565
 NC_024512.1 Drosophila melanogaster chromosome Y,1882156,1882203,TAT,0.879148936170213,TTATCTA,0.538563829787234
 NC_024512.1 Drosophila melanogaster chromosome Y,1887128,1887175,TAT,0.879148936170213,TTATCTA,0.538563829787234
 NC_024512.1 Drosophila melanogaster chromosome Y,1896307,1896388,AAT,0.9506172839506173,TAATAT,0.5802469135802469
 NC_024512.1 Drosophila melanogaster chromosome Y,1905001,1905043,ATTTTTT,0.9047619047619048,TTTTTAAT,0.8148148148148147,T,0.6408163265306122
 NC_024512.1 Drosophila melanogaster chromosome Y,1911580,1911661,AAT,0.9506172839506173,TAATAT,0.5802469135802469
 NC_024512.1 Drosophila melanogaster chromosome Y,1918423,1918498,AAT,0.8950649350649349,TAATAT,0.858823529411765
 NC_024512.1 Drosophila melanogaster chromosome Y,1919705,1919790,TAT,0.8910364145658264,ATTATA,0.12941176470588237
 NC_024512.1 Drosophila melanogaster chromosome Y,1925426,1925531,TATTTT,0.7441538117594456,T,0.7064484126984125,ATATTTTT,0.6654391534391534
 NC_024512.1 Drosophila melanogaster chromosome Y,1926658,1926743,TAT,0.8690476190476191
 NC_024512.1 Drosophila melanogaster chromosome Y,1977471,1977521,TATTATTT,0.7704918032786887
 NC_024512.1 Drosophila melanogaster chromosome Y,1980084,1980200,TAAATTA,0.7276264591439687
 NC_024512.1 Drosophila melanogaster chromosome Y,1999684,1999744,AATATAT,0.8270531400966182,ATATATT,0.709039548022599
 NC_024512.1 Drosophila melanogaster chromosome Y,2007656,2007713,TTA,0.9137931034482758
 NC_024512.1 Drosophila melanogaster chromosome Y,2010504,2010579,TTTTTTAT,0.726027397260274
 NC_024512.1 Drosophila melanogaster chromosome Y,2011322,2011346,A,1.0
 NC_024512.1 Drosophila melanogaster chromosome Y,2014416,2014564,TTA,0.9932885906040267
 NC_024512.1 Drosophila melanogaster chromosome Y,2021324,2021360,TTTGTTTT,0.8961038961038961
 NC_024512.1 Drosophila melanogaster chromosome Y,2021586,2021642,ATTTTTTT,0.8644859813084113,ATTT,0.8232919254658384,TTATT,0.805019305019305
 NC_024512.1 Drosophila melanogaster chromosome Y,2030153,2030211,ATATA,0.9223459136573445,AT,0.8515742128935533,TATATAA,0.8155025051576775
 NC_024512.1 Drosophila melanogaster chromosome Y,2042400,2042447,AAAAATA,0.896907216494845,AAAAAT,0.8811881188118812,TAAA,0.8674772036474164
 NC_024512.1 Drosophila melanogaster chromosome Y,2045733,2045767,TGTTAT,0.8857142857142857
 NC_024512.1 Drosophila melanogaster chromosome Y,2054353,2054447,AAAAATTA,0.7386934673366836
 NC_024512.1 Drosophila melanogaster chromosome Y,2059589,2059684,AAAAATTA,0.7399999999999998
 NC_024512.1 Drosophila melanogaster chromosome Y,2076206,2076239,AACATA,0.9393939393939394
 NC_024512.1 Drosophila melanogaster chromosome Y,2120523,2120547,T,1.0
 NC_024512.1 Drosophila melanogaster chromosome Y,2124863,2124938,TTATTTTT,0.726027397260274
 NC_024512.1 Drosophila melanogaster chromosome Y,2128772,2128842,TTA,0.9859154929577465
 NC_024512.1 Drosophila melanogaster chromosome Y,2135603,2135639,TTTGTTTT,0.8961038961038961
 NC_024512.1 Drosophila melanogaster chromosome Y,2135865,2135921,ATTTTTTT,0.8644859813084113,ATTT,0.8232919254658384,TTATT,0.805019305019305
 NC_024512.1 Drosophila melanogaster chromosome Y,2144416,2144474,ATATA,0.9223459136573445,AT,0.8515742128935533,TATATAA,0.8155025051576775
 NC_024512.1 Drosophila melanogaster chromosome Y,2156690,2156735,AAAAATA,0.9401360544217687,AAAAAT,0.9241830065359475,AAAAAATA,0.8953703703703708
 NC_024512.1 Drosophila melanogaster chromosome Y,2160022,2160056,TGTTAT,0.8857142857142857
 NC_024512.1 Drosophila melanogaster chromosome Y,2168641,2168735,AAAAATTA,0.7386934673366836
 NC_024512.1 Drosophila melanogaster chromosome Y,2173874,2173969,AAAAATTA,0.7399999999999998
 NC_024512.1 Drosophila melanogaster chromosome Y,2180790,2180885,AAAAATTA,0.7399999999999998
 NC_024512.1 Drosophila melanogaster chromosome Y,2197203,2197236,AACATA,0.9393939393939394
 NC_024512.1 Drosophila melanogaster chromosome Y,2208384,2208482,ATGTAT,0.7464788732394365
 NC_024512.1 Drosophila melanogaster chromosome Y,2217874,2217971,AATATAT,0.8423286840509401,AT,0.6911259349100464,ATATA,0.6529389539590872
 NC_024512.1 Drosophila melanogaster chromosome Y,2234837,2234870,AACATA,0.9393939393939394
 NC_024512.1 Drosophila melanogaster chromosome Y,2258703,2258730,AT,0.9642857142857144
 NC_024512.1 Drosophila melanogaster chromosome Y,2260838,2260871,ATGTTT,0.9393939393939394
 NC_024512.1 Drosophila melanogaster chromosome Y,2267415,2267478,AAT,0.90625
 NC_024512.1 Drosophila melanogaster chromosome Y,2273203,2273266,TTA,0.9365079365079365,ATTATA,0.7325396825396824
 NC_024512.1 Drosophila melanogaster chromosome Y,2279810,2279843,AACATA,0.9393939393939394
 NC_024512.1 Drosophila melanogaster chromosome Y,2281951,2281978,AT,0.9642857142857144
 NC_024512.1 Drosophila melanogaster chromosome Y,2305823,2305856,ATGTTT,0.9393939393939394
 NC_024512.1 Drosophila melanogaster chromosome Y,2322312,2322409,TTATATA,0.8423286840509401,AT,0.6911259349100464,TATAT,0.6529389539590872
 NC_024512.1 Drosophila melanogaster chromosome Y,2331800,2331898,ATACAT,0.7464788732394365
 NC_024512.1 Drosophila melanogaster chromosome Y,2343068,2343101,ATGTTT,0.9393939393939394
 NC_024512.1 Drosophila melanogaster chromosome Y,2355371,2355487,TAATTTA,0.7276264591439687
 NC_024512.1 Drosophila melanogaster chromosome Y,2359210,2359326,TAATTTA,0.7276264591439687
 NC_024512.1 Drosophila melanogaster chromosome Y,2369860,2369955,TTAATTTT,0.7399999999999998
 NC_024512.1 Drosophila melanogaster chromosome Y,2375246,2375341,TTAATTTT,0.7399999999999998
 NC_024512.1 Drosophila melanogaster chromosome Y,2382162,2382257,TTAATTTT,0.7399999999999998
 NC_024512.1 Drosophila melanogaster chromosome Y,2387395,2387489,TTAATTTT,0.7386934673366836
 NC_024512.1 Drosophila melanogaster chromosome Y,2387692,2387777,AAT,0.8690476190476191
 NC_024512.1 Drosophila melanogaster chromosome Y,2388909,2389017,ATAAAA,0.7571924603174607,A,0.7151141040029932,ATAAAAAT,0.6357179096905122
 NC_024512.1 Drosophila melanogaster chromosome Y,2394620,2394705,ATA,0.9030812324929972,ATAATT,0.2255578093306286
 NC_024512.1 Drosophila melanogaster chromosome Y,2403448,2403482,AACAAT,0.8857142857142857
 NC_024512.1 Drosophila melanogaster chromosome Y,2436282,2436381,TATATTTT,0.6399286987522281,TTTTTAT,0.6184971098265896,TATTTTTT,0.4987974987974991
 NC_024512.1 Drosophila melanogaster chromosome Y,2448377,2448432,TATAT,0.8070175438596494
 NC_024512.1 Drosophila melanogaster chromosome Y,2458319,2458381,TTTTTAT,0.82458205792324,ATTTTTTT,0.7435350573180486
 NC_024512.1 Drosophila melanogaster chromosome Y,2484181,2485176,AATAT,0.9525361724547565,TATAATAT,0.8039405661400527,AT,0.7168609814148771
 NC_024512.1 Drosophila melanogaster chromosome Y,2488224,2488961,ATAAT,0.9690433325820609,TAATATAT,0.7539234149403641
 NC_024512.1 Drosophila melanogaster chromosome Y,2497277,2497373,AAAAAATA,0.7513888888888888,ATAAAA,0.7351657940663179,A,0.6769636015325675
 NC_024512.1 Drosophila melanogaster chromosome Y,2502993,2503078,ATA,0.8690476190476191
 NC_024512.1 Drosophila melanogaster chromosome Y,2602274,2602406,TAATAATT,0.7004830917874396,TAATA,0.6106612685560057
 NC_024512.1 Drosophila melanogaster chromosome Y,2610260,2610498,ATGTAT,0.828897338403042
 NC_024512.1 Drosophila melanogaster chromosome Y,2639465,2639506,A,0.9207317073170735,AAAAAAAC,0.8500000000000002
 NC_024512.1 Drosophila melanogaster chromosome Y,2682537,2682591,AGATAGAC,0.7993827160493825,GATA,0.786786786786787
 NC_024512.1 Drosophila melanogaster chromosome Y,2688792,2688879,TTTTTTAT,0.7865168539325843,TTTTTAT,0.2273524254821743,TTTTAT,0.07934382323401402
 NC_024512.1 Drosophila melanogaster chromosome Y,2713572,2713632,ATGTAT,0.9083969465648856
 NC_024512.1 Drosophila melanogaster chromosome Y,2735460,2735602,ATGTAT,0.832258064516129
 NC_024512.1 Drosophila melanogaster chromosome Y,2742510,2742604,TTTTTTAT,0.8062471706654595,TTTTTAT,0.7741935483870965,T,0.5057283142389526
 NC_024512.1 Drosophila melanogaster chromosome Y,2743145,2743182,T,0.868421052631579
 NC_024512.1 Drosophila melanogaster chromosome Y,2778833,2778918,AAT,0.8690476190476191
 NC_024512.1 Drosophila melanogaster chromosome Y,2780046,2780142,AAACAAAA,0.7578947368421053,A,0.6769636015325675,TAAAAA,0.6591850828729283
 NC_024512.1 Drosophila melanogaster chromosome Y,2780363,2780404,A,0.925925925925926
 NC_024512.1 Drosophila melanogaster chromosome Y,2785743,2785828,AAT,0.8910364145658264,ATAATT,0.08461538461538463
 NC_024512.1 Drosophila melanogaster chromosome Y,2816072,2816147,TTA,0.9078947368421053
 NC_024512.1 Drosophila melanogaster chromosome Y,2816181,2816252,ATATAATA,0.7730496453900706
 NC_024512.1 Drosophila melanogaster chromosome Y,2825627,2825664,A,0.8648648648648647
 NC_024512.1 Drosophila melanogaster chromosome Y,2836776,2836838,ACAAA,0.7846153846153845
 NC_024512.1 Drosophila melanogaster chromosome Y,2853807,2853898,AAATTAAT,0.7582417582417582,ATAA,0.7564528494761057,ATTAA,0.7291129922708868
 NC_024512.1 Drosophila melanogaster chromosome Y,2864725,2864784,ACAAA,0.7666666666666666
 NC_024512.1 Drosophila melanogaster chromosome Y,2866468,2866555,AATTAAAT,0.8602193156295416,AAATTAAT,0.8390804597701149,ATAA,0.8372093023255818
 NC_024512.1 Drosophila melanogaster chromosome Y,2869654,2869741,TAAA,0.8611494252873562,ATAAAAAA,0.7919075144508672
 NC_024512.1 Drosophila melanogaster chromosome Y,2894314,2894381,ACAAA,0.7868404456590288,ACAA,0.6584792572570218
 NC_024512.1 Drosophila melanogaster chromosome Y,2899262,2899321,ACAAA,0.7666666666666666
 NC_024512.1 Drosophila melanogaster chromosome Y,2908563,2908631,ACAAA,0.7746478873239437,ACCAAAAA,0.7588235294117648
 NC_024512.1 Drosophila melanogaster chromosome Y,2912325,2912392,ACAAA,0.7868404456590288,ACAA,0.6584792572570218
 NC_024512.1 Drosophila melanogaster chromosome Y,2932214,2932281,ACAAA,0.7868404456590288,ACAA,0.6584792572570218
 NC_024512.1 Drosophila melanogaster chromosome Y,2945680,2945747,ACAAA,0.7868404456590288,ACAA,0.6584792572570218
 NC_024512.1 Drosophila melanogaster chromosome Y,2949235,2949302,ACAAA,0.7868404456590288,ACAA,0.6584792572570218
 NC_024512.1 Drosophila melanogaster chromosome Y,2967803,2967866,ACAAA,0.7709923664122136
 NC_024512.1 Drosophila melanogaster chromosome Y,2971767,2971829,ACAAA,0.7846153846153845
 NC_024512.1 Drosophila melanogaster chromosome Y,2977595,2977649,ATACAT,0.8560000000000001
 NC_024512.1 Drosophila melanogaster chromosome Y,2978911,2979080,TATTTT,0.7129646033377035,TATTTTTT,0.6876768716233599,TTTATTT,0.6752382532396908
 NC_024512.1 Drosophila melanogaster chromosome Y,2978982,2979076,T,0.7777777777777777
 NC_024512.1 Drosophila melanogaster chromosome Y,3021789,3021841,ATAATAT,0.8195488721804511
 NC_024512.1 Drosophila melanogaster chromosome Y,3050664,3050748,AGCAAC,0.8418940609951848,GCA,0.7738095238095238
 NC_024512.1 Drosophila melanogaster chromosome Y,3090738,3090782,AATAAAA,0.7979797979797982
 NC_024512.1 Drosophila melanogaster chromosome Y,3091349,3091398,ACA,0.8963337547408343,ACAACAA,0.7492711370262389
 NC_024512.1 Drosophila melanogaster chromosome Y,3104310,3104338,TAT,0.9649122807017545
 NC_024512.1 Drosophila melanogaster chromosome Y,3111455,3111483,ATA,0.9649122807017545
 NC_024512.1 Drosophila melanogaster chromosome Y,3141760,3141788,ATA,0.9649122807017545
 NC_024512.1 Drosophila melanogaster chromosome Y,3148227,3148276,TAATTTT,0.8253968253968254
 NC_024512.1 Drosophila melanogaster chromosome Y,3159786,3159960,ATAAAA,0.7053595295375569,ATAAAAAA,0.6877570389117367,ATAAAAA,0.6115456648672472
 NC_024512.1 Drosophila melanogaster chromosome Y,3161242,3161270,TAT,0.9649122807017545
 NC_024512.1 Drosophila melanogaster chromosome Y,3170004,3170109,GCA,0.8285714285714286,AGCAAC,0.616996336996337
 NC_024512.1 Drosophila melanogaster chromosome Y,3187988,3188016,TAT,0.9649122807017545
 NC_024512.1 Drosophila melanogaster chromosome Y,3195355,3195383,ATA,0.9649122807017545
 NC_024512.1 Drosophila melanogaster chromosome Y,3206297,3206340,GTT,0.8844116969836517,TGTTGTT,0.733333333333333
 NC_024512.1 Drosophila melanogaster chromosome Y,3217175,3217262,AACAATTA,0.684120902511707,TAAACAAA,0.4827586206896552
 NC_024512.1 Drosophila melanogaster chromosome Y,3238711,3238748,TAT,0.9733333333333334
 NC_024512.1 Drosophila melanogaster chromosome Y,3254307,3254393,AACAATTA,0.6807610993657504,TAAACAAA,0.5
 NC_024512.1 Drosophila melanogaster chromosome Y,3254922,3254985,AAT,0.890625
 NC_024512.1 Drosophila melanogaster chromosome Y,3280158,3280431,TATTTT,0.7093882176755105,TATTATT,0.6185722674272294,ATTTTTA,0.07856849033319617
 NC_024512.1 Drosophila melanogaster chromosome Y,3437256,3437295,ATTTTT,0.8604651162790697
 NC_024512.1 Drosophila melanogaster chromosome Y,3442397,3442488,ATTT,0.7049180327868854
 NC_024512.1 Drosophila melanogaster chromosome Y,3443022,3443075,TTATAT,0.8499999999999999
 NC_024512.1 Drosophila melanogaster chromosome Y,3472999,3473061,TAAAA,0.7841726618705036
 NC_024512.1 Drosophila melanogaster chromosome Y,3473491,3473554,ATA,0.875
 NC_024512.1 Drosophila melanogaster chromosome Y,3480216,3480381,TAATAT,0.6727272727272726
 NC_024512.1 Drosophila melanogaster chromosome Y,3491654,3491712,ATTAA,0.8195488721804511
 NC_024512.1 Drosophila melanogaster chromosome Y,3497406,3497464,ATTAA,0.8195488721804511
 NC_024512.1 Drosophila melanogaster chromosome Y,3507886,3507944,ATTAA,0.8195488721804511
 NC_024512.1 Drosophila melanogaster chromosome Y,3510790,3510836,ATTAA,0.826086956521739
 NC_024512.1 Drosophila melanogaster chromosome Y,3516741,3516790,ATTAA,0.8165137614678899
 NC_024512.1 Drosophila melanogaster chromosome Y,3523377,3523435,ATTTATT,0.8957680250783698,TTATTAAT,0.7395269307495012,TAT,0.5420154000669571
 NC_024512.1 Drosophila melanogaster chromosome Y,3523880,3523936,ATATTATT,0.7857142857142859,TTATTATT,0.7290640394088668,ATTATTAA,0.6953416149068323
 NC_024512.1 Drosophila melanogaster chromosome Y,3524620,3524670,TAATAAAA,0.8048780487804879
 NC_024512.1 Drosophila melanogaster chromosome Y,3527812,3527862,TAATAAAA,0.8048780487804879
 NC_024512.1 Drosophila melanogaster chromosome Y,3530256,3530314,ATTTATT,0.8957680250783698,TTATTAAT,0.7395269307495012
 NC_024512.1 Drosophila melanogaster chromosome Y,3530759,3530815,ATATTATT,0.7857142857142859,TATTATTT,0.7290640394088668,ATTATTAA,0.6953416149068323
 NC_024512.1 Drosophila melanogaster chromosome Y,3531499,3531549,TAATAAAA,0.8048780487804879
 NC_024512.1 Drosophila melanogaster chromosome Y,3534684,3534734,TAATAAAA,0.8048780487804879
 NC_024512.1 Drosophila melanogaster chromosome Y,3535943,3536014,ACAATCAA,0.7500000000000002
 NC_024512.1 Drosophila melanogaster chromosome Y,3549703,3549750,TACA,0.8378378378378379
 NC_024512.1 Drosophila melanogaster chromosome Y,3549997,3550202,AATAATA,0.7369385277563185,AAAATAA,0.05164411968006326
 NC_024512.1 Drosophila melanogaster chromosome Y,3550897,3550944,TACA,0.8378378378378379
 NC_024512.1 Drosophila melanogaster chromosome Y,3552389,3552602,ATAATAA,0.7356828193832599
 NC_024512.1 Drosophila melanogaster chromosome Y,3560306,3560504,GTCTT,1.0
 NC_024512.1 Drosophila melanogaster chromosome Y,3562338,3562638,CTTCT,1.0
 NC_024512.1 Drosophila melanogaster chromosome Y,3567138,3567184,GAAGA,1.0
 NC_024512.1 Drosophila melanogaster chromosome Y,3606663,3606720,AGGAG,0.9827586206896552
 NC_024512.1 Drosophila melanogaster chromosome Y,3607469,3607539,TTAATTTA,0.7880794701986755
 NC_024512.1 Drosophila melanogaster chromosome Y,3620519,3620563,AATTTTT,0.7997299729972996,TAATTT,0.7758985200845668,TAATT,0.5556818181818183
 NC_024512.1 Drosophila melanogaster chromosome Y,3625922,3625976,TTATTT,0.808695652173913
 NC_024512.1 Drosophila melanogaster chromosome Y,3626423,3626467,AATTTTT,0.7997299729972996,TAATTT,0.7758985200845668,TAATT,0.5556818181818183
 NC_024512.1 Drosophila melanogaster chromosome Y,3651097,3651140,AT,0.8695652173913044
 NC_024512.1 Drosophila melanogaster chromosome Y,3652887,3652955,TCTCT,0.9855072463768115
 NC_024512.1 Drosophila melanogaster chromosome Y,3667255,3667352,TCTCT,0.9587628865979382,CTTCTCTT,0.8349400947339091
